<?xml version="1.0" encoding="UTF-8"?>
<project-private xmlns="http://www.netbeans.org/ns/project-private/1">
    <editor-bookmarks xmlns="http://www.netbeans.org/ns/editor-bookmarks/2" lastBookmarkId="0"/>
    <open-files xmlns="http://www.netbeans.org/ns/projectui-open-files/2">
        <group>
            <file>file:/C:/Users/adrie/Documents/NetBeansProjects/Engenharia/src/controle/ControleVeiculos.java</file>
            <file>file:/C:/Users/adrie/Documents/NetBeansProjects/Engenharia/src/visao/FormCliente.java</file>
            <file>file:/C:/Users/adrie/Documents/NetBeansProjects/Engenharia/src/controle/CriarPopularDB.java</file>
            <file>file:/C:/Users/adrie/Documents/NetBeansProjects/Engenharia/src/controle/ConexaoBD.java</file>
            <file>file:/C:/Users/adrie/Documents/NetBeansProjects/Engenharia/src/visao/Cliente.java</file>
            <file>file:/C:/Users/adrie/Documents/NetBeansProjects/Engenharia/src/modelo/ModeloVeiculo.java</file>
            <file>file:/C:/Users/adrie/Documents/NetBeansProjects/Engenharia/src/controle/ControleCliente.java</file>
            <file>file:/C:/Users/adrie/Documents/NetBeansProjects/Engenharia/src/visao/TelaLogin.java</file>
            <file>file:/C:/Users/adrie/Documents/NetBeansProjects/Engenharia/src/visao/Carros.java</file>
            <file>file:/C:/Users/adrie/Documents/NetBeansProjects/Engenharia/src/visao/Comprovante.java</file>
            <file>file:/C:/Users/adrie/Documents/NetBeansProjects/Engenharia/src/visao/FormVeiculos.java</file>
            <file>file:/C:/Users/adrie/Documents/NetBeansProjects/Engenharia/src/modelo/ModeloCliente.java</file>
        </group>
    </open-files>
</project-private>
